<?xml version="1.0" encoding="UTF-8"?>
<Configuration xmlns:xsi="http://www.w3.org/2001/XMLSchema-instance"
 xsi:noNamespaceSchemaLocation="log4j2-config.xsd" status="INFO">
	<Appenders>
		<Console name="Console" target="SYSTEM_OUT">
			<PatternLayout pattern="%d{yyyy-MM-dd HH:mm:ss} %-5p %c{1}:%L - %m%n" />
		</Console>
		<File name="File" fileName="reports/Logs/Log ${date:yyyy-MM-dd HH-mm-ss}.log" >
			<PatternLayout pattern="%d{yyyy-MM-dd HH:mm:ss} %-5p %c{1}:%L - %m%n" />
		</File>
	</Appenders>


	<Loggers>
		<Root level="INFO">
			
			<appender-ref ref="File" />
			<appender-ref ref="Console" />
		</Root>
	</Loggers>
</Configuration>