<?xml version="1.0" encoding="UTF-8"?>
<Configuration status="warn">
	<Properties>
		<Property name="basePath">logs</Property>
	</Properties>

	<Appenders>
		<RollingFile name="fileLogger" fileName="${basePath}/mylogs.log"
			filePattern="${basePath}/app-%d{yyyy-MM-dd}.log">
			<PatternLayout>
				<pattern>[%-5level] %d{yyyy-MM-dd HH:mm:ss.SSS} [%t] %c{1} - %msg%n
				</pattern>
			</PatternLayout>
			<Policies>
				<TimeBasedTriggeringPolicy interval="1" modulate="true" />
				<SizeBasedTriggeringPolicy size="10MB" />
			</Policies>
	       
			
		</RollingFile>
           <Console name="console" target="SYSTEM_OUT">
            <PatternLayout
                pattern="%d{yyyy-MM-dd HH:mm:ss} %-5p %c{1}:%L - %m%n" />
        </Console>
	</Appenders>
	<Loggers>
      <Logger name="com.app.runner" additivity="false" level="trace">
            <AppenderRef ref="fileLogger" level="trace"/>
           
        </Logger>
    
	<Root  level="info" additivity="false">
			<appender-ref ref="console"/>
		</Root>
	</Loggers>
</Configuration>