<?xml version="1.0" encoding="UTF-8"?>
<con:soapui-project id="677f49f8-d987-4dc4-8ae0-2d17aaa64076" activeEnvironment="Default" name="REST Project 4" soapui-version="5.7.0" abortOnError="false" runType="SEQUENTIAL" resourceRoot="" xmlns:con="http://eviware.com/soapui/config"><con:settings><con:setting id="com.eviware.soapui.impl.wsdl.actions.iface.tools.soapui.TestRunnerAction@values-local"><![CDATA[<xml-fragment xmlns:con="http://eviware.com/soapui/config">
  <con:entry key="Report Format(s)" value=""/>
  <con:entry key="Host:Port" value=""/>
  <con:entry key="Export JUnit Results" value="false"/>
  <con:entry key="Export All" value="false"/>
  <con:entry key="Save After" value="false"/>
  <con:entry key="Add Settings" value="false"/>
  <con:entry key="WSS Password Type" value=""/>
  <con:entry key="TestSuite" value="TestSuite 1"/>
  <con:entry key="Endpoint" value=""/>
  <con:entry key="Select Report Type" value=""/>
  <con:entry key="System Properties" value=""/>
  <con:entry key="Password" value=""/>
  <con:entry key="Print Report" value="false"/>
  <con:entry key="Open Report" value="false"/>
  <con:entry key="Export JUnit Results with test properties" value="false"/>
  <con:entry key="Global Properties" value=""/>
  <con:entry key="Project Properties" value=""/>
  <con:entry key="Project Password" value=""/>
  <con:entry key="TestCase" value="TestCase 1"/>
  <con:entry key="Username" value=""/>
  <con:entry key="user-settings.xml Password" value=""/>
  <con:entry key="TestRunner Path" value=""/>
  <con:entry key="Environment" value="Default"/>
  <con:entry key="Coverage Report" value="false"/>
  <con:entry key="Enable UI" value="false"/>
  <con:entry key="Root Folder" value=""/>
  <con:entry key="Ignore Errors" value="false"/>
  <con:entry key="Domain" value=""/>
  <con:entry key="Tool Args" value=""/>
  <con:entry key="Save Project" value="false"/>
</xml-fragment>]]></con:setting><con:setting id="com.smartbear.swagger.ExportSwaggerAction$FormBase Path"/><con:setting id="com.smartbear.swagger.ExportSwaggerAction$FormTarget Folder">C:\Users\pc\Desktop</con:setting><con:setting id="com.smartbear.swagger.ExportSwaggerAction$FormFormat">json</con:setting><con:setting id="com.smartbear.swagger.ExportSwaggerAction$FormAPI Version">1.0</con:setting><con:setting id="com.smartbear.swagger.ExportSwaggerAction$FormSwagger Version">2.0</con:setting></con:settings><con:interface xsi:type="con:RestService" id="8ca60fc0-8eaf-4ca7-9b0a-dff1198c5765" wadlVersion="http://wadl.dev.java.net/2009/02" name="https://gorest.co.in" type="rest" xmlns:xsi="http://www.w3.org/2001/XMLSchema-instance"><con:settings/><con:definitionCache type="TEXT" rootPart=""/><con:endpoints><con:endpoint>https://gorest.co.in</con:endpoint></con:endpoints><con:resource name="users" path="/public/v2/users/" id="68144664-69e9-4c3b-8d9a-9bbbe94b9d22"><con:settings/><con:parameters/><con:method name="Users 1" id="5779ee88-5480-44dc-9c09-00f771397b73" method="POST"><con:settings/><con:parameters/><con:representation type="RESPONSE"><con:mediaType>application/json; charset=utf-8</con:mediaType><con:status>200 201</con:status><con:params/><con:element>Response</con:element></con:representation><con:representation type="REQUEST"><con:mediaType>application/json</con:mediaType><con:params/></con:representation><con:representation type="FAULT"><con:mediaType>application/json; charset=utf-8</con:mediaType><con:status>401 422 404</con:status><con:params/><con:element xmlns:user="https://gorest.co.in/public/v2/users">user:Fault</con:element></con:representation><con:representation type="REQUEST"><con:mediaType>application/x-www-form-urlencoded</con:mediaType><con:params/></con:representation><con:representation type="FAULT"><con:mediaType>text/html; charset=utf-8</con:mediaType><con:status>404</con:status><con:params/><con:element>html</con:element></con:representation><con:request name="POST" id="64820f4d-14be-48f8-9342-ed27b01aaa4f" mediaType="application/json" postQueryString="false"><con:settings><con:setting id="com.eviware.soapui.impl.wsdl.WsdlRequest@request-headers">&lt;entry key="Authorization" value="Bearer 453120985796a5e0aca3df33f78257629d3399bd238c3459803b90752950760e" xmlns="http://eviware.com/soapui/config"/></con:setting></con:settings><con:endpoint>https://gorest.co.in</con:endpoint><con:request>{
  "name": "Jason Sweet",
  "email": "test@mail.com",
  "gender": "male",
   "status":  "active"
}</con:request><con:originalUri>https://gorest.co.in/public/v2/users/78912</con:originalUri><con:credentials><con:selectedAuthProfile>No Authorization</con:selectedAuthProfile><con:authType>No Authorization</con:authType></con:credentials><con:jmsConfig JMSDeliveryMode="PERSISTENT"/><con:jmsPropertyConfig/><con:parameters/></con:request></con:method></con:resource></con:interface><con:interface xsi:type="con:RestService" id="cbe915c6-107f-4df4-a5d4-14cc28f8d39c" wadlVersion="http://wadl.dev.java.net/2009/02" name="https://gorest.co.in" type="rest" xmlns:xsi="http://www.w3.org/2001/XMLSchema-instance"><con:settings/><con:definitionCache type="TEXT" rootPart=""/><con:endpoints><con:endpoint>https://gorest.co.in</con:endpoint></con:endpoints><con:resource name="Users" path="/public/v2/users/{id}" id="7f16aa21-83ea-4566-86de-0ef60047f9aa"><con:settings/><con:parameters><con:parameter><con:name>id</con:name><con:value>id</con:value><con:style>TEMPLATE</con:style><con:default>id</con:default></con:parameter></con:parameters><con:method name="Users 1" id="740fc898-3beb-4406-bdad-615ea59124c4" method="GET"><con:settings/><con:parameters/><con:representation type="FAULT"><con:mediaType>application/json; charset=utf-8</con:mediaType><con:status>404</con:status><con:params/></con:representation><con:representation type="RESPONSE"><con:mediaType>application/json; charset=utf-8</con:mediaType><con:status>200</con:status><con:params/><con:element>Response</con:element></con:representation><con:request name="GET" id="0ea615d9-2c25-40e3-885f-ee674ee8b260" mediaType="application/json"><con:settings><con:setting id="com.eviware.soapui.impl.wsdl.WsdlRequest@request-headers">&lt;xml-fragment/></con:setting></con:settings><con:endpoint>https://gorest.co.in</con:endpoint><con:request/><con:originalUri>https://gorest.co.in/public/v2/users//7782</con:originalUri><con:credentials><con:authType>No Authorization</con:authType></con:credentials><con:jmsConfig JMSDeliveryMode="PERSISTENT"/><con:jmsPropertyConfig/><con:parameters><entry key="id" value="3928" xmlns="http://eviware.com/soapui/config"/></con:parameters><con:parameterOrder><con:entry>id</con:entry></con:parameterOrder></con:request></con:method></con:resource></con:interface><con:interface xsi:type="con:RestService" id="3d41fa02-15bd-4ae8-ae60-cebfa24eee22" wadlVersion="http://wadl.dev.java.net/2009/02" name="https://gorest.co.in" type="rest" xmlns:xsi="http://www.w3.org/2001/XMLSchema-instance"><con:settings/><con:definitionCache type="TEXT" rootPart=""/><con:endpoints><con:endpoint>https://gorest.co.in</con:endpoint></con:endpoints><con:resource name="Users" path="/public/v2/users/{id}" id="e2b64724-205e-4f15-9d66-4e00a63b9a02"><con:settings/><con:parameters><con:parameter><con:name>id</con:name><con:value>id</con:value><con:style>TEMPLATE</con:style><con:default>id</con:default></con:parameter></con:parameters><con:method name="Users 1" id="c004142c-9731-4b38-a05c-a77cf144dd20" method="DELETE"><con:settings/><con:parameters/><con:request name="DELETE" id="83a2fa3a-3cf2-4937-87da-870bf65ed3d5" mediaType="application/json" postQueryString="false"><con:settings><con:setting id="com.eviware.soapui.impl.wsdl.WsdlRequest@request-headers">&lt;xml-fragment/></con:setting></con:settings><con:endpoint>https://gorest.co.in</con:endpoint><con:request/><con:credentials><con:authType>No Authorization</con:authType></con:credentials><con:jmsConfig JMSDeliveryMode="PERSISTENT"/><con:jmsPropertyConfig/><con:parameters><entry key="id" value="id" xmlns="http://eviware.com/soapui/config"/></con:parameters><con:parameterOrder><con:entry>id</con:entry></con:parameterOrder></con:request></con:method></con:resource></con:interface><con:interface xsi:type="con:RestService" id="c9c22b3b-eda3-4b8f-9223-960f60595918" wadlVersion="http://wadl.dev.java.net/2009/02" name="https://gorest.co.in" type="rest" xmlns:xsi="http://www.w3.org/2001/XMLSchema-instance"><con:settings/><con:definitionCache type="TEXT" rootPart=""/><con:endpoints><con:endpoint>https://gorest.co.in</con:endpoint></con:endpoints><con:resource name="7782" path="/public/v2/users/{id}" id="fb5f2dda-7327-4142-a614-b80ac47ff2d3"><con:settings/><con:parameters><con:parameter><con:name>id</con:name><con:value>id</con:value><con:style>TEMPLATE</con:style><con:default>id</con:default></con:parameter></con:parameters><con:method name="7782 1" id="3c0e5bac-4a90-4328-9afc-177041ae740c" method="PUT"><con:settings/><con:parameters/><con:representation type="REQUEST"><con:mediaType>application/json</con:mediaType><con:params/></con:representation><con:representation type="FAULT"><con:mediaType>application/json; charset=utf-8</con:mediaType><con:status>404</con:status><con:params/><con:element xmlns:user="https://gorest.co.in/public/v2/users/">user:Fault</con:element></con:representation><con:representation type="RESPONSE"><con:mediaType>application/json; charset=utf-8</con:mediaType><con:status>200</con:status><con:params/><con:element xmlns:user="https://gorest.co.in/public/v2/users/">user:Response</con:element></con:representation><con:request name="PUT" id="40bb812d-f568-4f83-b9f7-e9a6a27dbcce" mediaType="application/json" postQueryString="false"><con:settings><con:setting id="com.eviware.soapui.impl.wsdl.WsdlRequest@request-headers">&lt;xml-fragment/></con:setting></con:settings><con:endpoint>https://gorest.co.in</con:endpoint><con:request>{
  "gender": "female",
   "status":  "inactive"
}</con:request><con:credentials><con:authType>No Authorization</con:authType></con:credentials><con:jmsConfig JMSDeliveryMode="PERSISTENT"/><con:jmsPropertyConfig/><con:parameters><entry key="id" value="id" xmlns="http://eviware.com/soapui/config"/></con:parameters><con:parameterOrder><con:entry>id</con:entry></con:parameterOrder></con:request></con:method></con:resource></con:interface><con:testSuite id="362a7127-d088-41d3-b12e-805bdaed70b1" name="TestSuite 1"><con:settings/><con:runType>SEQUENTIAL</con:runType><con:testCase id="6836c912-fb12-437b-83ac-7e22d735165f" failOnError="true" failTestCaseOnErrors="true" keepSession="false" maxResults="0" name="TestCase 1" searchProperties="true"><con:settings/><con:testStep type="restrequest" name="POST" id="a2610040-e7ac-48ab-8f84-e202706ac774"><con:settings/><con:config service="https://gorest.co.in" resourcePath="/public/v2/users/" methodName="Users 1" xsi:type="con:RestRequestStep" xmlns:xsi="http://www.w3.org/2001/XMLSchema-instance"><con:restRequest name="POST" id="64820f4d-14be-48f8-9342-ed27b01aaa4f" mediaType="application/json" postQueryString="false"><con:settings><con:setting id="com.eviware.soapui.impl.wsdl.WsdlRequest@request-headers">&lt;entry key="Authorization" value="Bearer 453120985796a5e0aca3df33f78257629d3399bd238c3459803b90752950760e" xmlns="http://eviware.com/soapui/config"/></con:setting></con:settings><con:endpoint>https://gorest.co.in</con:endpoint><con:request>{
  "name": "${#TestSuite#name}",
  "email": "${#TestSuite#email}",
  "gender": "${#TestSuite#gender}",
   "status":  "${#TestSuite#status}"
}</con:request><con:originalUri>https://gorest.co.in/public/v2/users/78912</con:originalUri><con:credentials><con:selectedAuthProfile>No Authorization</con:selectedAuthProfile><con:authType>No Authorization</con:authType></con:credentials><con:jmsConfig JMSDeliveryMode="PERSISTENT"/><con:jmsPropertyConfig/><con:parameters/></con:restRequest></con:config></con:testStep><con:testStep type="restrequest" name="GET" id="065552a6-11b4-474a-b138-23e7e1c149e4"><con:settings/><con:config service="https://gorest.co.in" resourcePath="/public/v2/users/{id}" methodName="Users 1" xsi:type="con:RestRequestStep" xmlns:xsi="http://www.w3.org/2001/XMLSchema-instance"><con:restRequest name="GET" id="0ea615d9-2c25-40e3-885f-ee674ee8b260" mediaType="application/json"><con:settings><con:setting id="com.eviware.soapui.impl.wsdl.WsdlRequest@request-headers">&lt;entry key="Authorization" value="Bearer 453120985796a5e0aca3df33f78257629d3399bd238c3459803b90752950760e" xmlns="http://eviware.com/soapui/config"/></con:setting></con:settings><con:endpoint>https://gorest.co.in</con:endpoint><con:request/><con:originalUri>https://gorest.co.in/public/v2/users//7782</con:originalUri><con:credentials><con:authType>No Authorization</con:authType></con:credentials><con:jmsConfig JMSDeliveryMode="PERSISTENT"/><con:jmsPropertyConfig/><con:parameters><entry key="id" value="${#TestSuite#id}" xmlns="http://eviware.com/soapui/config"/></con:parameters><con:parameterOrder><con:entry>id</con:entry></con:parameterOrder></con:restRequest></con:config></con:testStep><con:testStep type="restrequest" name="PUT" id="06188ae4-c9a7-43ba-a44b-084f3674d534"><con:settings/><con:config service="https://gorest.co.in" resourcePath="/public/v2/users/{id}" methodName="7782 1" xsi:type="con:RestRequestStep" xmlns:xsi="http://www.w3.org/2001/XMLSchema-instance"><con:restRequest name="PUT" id="40bb812d-f568-4f83-b9f7-e9a6a27dbcce" mediaType="application/json" postQueryString="false"><con:settings><con:setting id="com.eviware.soapui.impl.wsdl.WsdlRequest@request-headers">&lt;entry key="Authorization" value="Bearer 453120985796a5e0aca3df33f78257629d3399bd238c3459803b90752950760e" xmlns="http://eviware.com/soapui/config"/></con:setting></con:settings><con:endpoint>https://gorest.co.in</con:endpoint><con:request>{
  "gender": "female",
   "status":  "inactive"
}</con:request><con:originalUri>https://gorest.co.in/public/v2/users/</con:originalUri><con:credentials><con:authType>No Authorization</con:authType></con:credentials><con:jmsConfig JMSDeliveryMode="PERSISTENT"/><con:jmsPropertyConfig/><con:parameters><entry key="id" value="${#TestSuite#id}" xmlns="http://eviware.com/soapui/config"/></con:parameters><con:parameterOrder><con:entry>id</con:entry></con:parameterOrder></con:restRequest></con:config></con:testStep><con:testStep type="restrequest" name="DELETE" id="3d6e14e0-6b2d-4b38-909d-105b13a43928"><con:settings/><con:config service="https://gorest.co.in" resourcePath="/public/v2/users/{id}" methodName="Users 1" xsi:type="con:RestRequestStep" xmlns:xsi="http://www.w3.org/2001/XMLSchema-instance"><con:restRequest name="DELETE" id="83a2fa3a-3cf2-4937-87da-870bf65ed3d5" mediaType="application/json" postQueryString="false"><con:settings><con:setting id="com.eviware.soapui.impl.wsdl.WsdlRequest@request-headers">&lt;entry key="Authorization" value="Bearer 453120985796a5e0aca3df33f78257629d3399bd238c3459803b90752950760e" xmlns="http://eviware.com/soapui/config"/></con:setting></con:settings><con:endpoint>https://gorest.co.in</con:endpoint><con:request/><con:originalUri>https://gorest.co.in/public/v2/users/</con:originalUri><con:credentials><con:authType>No Authorization</con:authType></con:credentials><con:jmsConfig JMSDeliveryMode="PERSISTENT"/><con:jmsPropertyConfig/><con:parameters><entry key="id" value="${#TestSuite#id}" xmlns="http://eviware.com/soapui/config"/></con:parameters><con:parameterOrder><con:entry>id</con:entry></con:parameterOrder></con:restRequest></con:config></con:testStep><con:testStep type="groovy" name="Groovy Script" id="35b93a35-2fa5-4a73-9ea8-a563ac80d290"><con:settings/><con:config><script/></con:config></con:testStep><con:properties/></con:testCase><con:properties><con:property><con:name>name</con:name><con:value>john</con:value></con:property><con:property><con:name>email</con:name><con:value>john123@gmail.com</con:value></con:property><con:property><con:name>gender</con:name><con:value>male</con:value></con:property><con:property><con:name>status</con:name><con:value>active</con:value></con:property><con:property><con:name>id</con:name><con:value>8353</con:value></con:property></con:properties></con:testSuite><con:properties><con:property><con:name>Authorization</con:name><con:value>Bearer 453120985796a5e0aca3df33f78257629d3399bd238c3459803b90752950760e</con:value></con:property></con:properties><con:wssContainer/><con:oAuth2ProfileContainer/><con:oAuth1ProfileContainer/><con:sensitiveInformation/></con:soapui-project>